1,Perfect,Circle,0701020304,circle@gmail.com,2,albert bedouce,78270,Saint Cyr
2,Alex,Douillet,0701020304,Alex@gmail.com,3,albert bedouce,78270,Saint Cyr
3,Alanis,Morissette,0701020304,AlanisAlanis@gmail.com,4,albert bedouce,78270,Saint Cyr
4,AnaÃ¯s,Putellias,0701050304,Alanis@gmail.com,5,albert bedouce,78270,Saint Cyr
5,Anthrax,Dupont,0701020304,Anthrax@gmail.com,6,albert bedouce,78270,Saint Cyr
6,Arch,Enemy,0701020304,Arch@gmail.com,6,albert bedouce,78270,Saint Cyr
7,Avril,Lavigne,0701020304,Avril@gmail.com,6,albert bedouce,78270,Saint Cyr
8,Barry,White,0701020304,Barry@gmail.com,6,albert bedouce,78270,Saint Cyr
9,BÃ©nabar,Da silva,0701020304,BÃ©nabar@gmail.com,6,albert bedouce,78270,Saint Cyr
10,Benabar,AssociÃ©s,0701020304,Benabar@gmail.com,6,albert bedouce,78270,Saint Cyr
11,Black,Label,0701020304,Black@gmail.com,6,albert bedouce,78270,Saint Cyr
12,Black,Stone,0701020304,Stone@gmail.com,6,albert bedouce,78270,Saint Cyr
13,Bob,Dylan,0701020304,Bob@gmail.com,6,albert bedouce,78270,Saint Cyr
14,Cali,De jong,0701020304,Benabar@gmail.com,6,albert bedouce,78270,Saint Cyr
15,Christophe,Beaugrand,0701020304,Christophe@gmail.com,6,albert bedouce,78270,Saint Cyr
16,Corrosion,Conformity,0701020304,Corrosion@gmail.com,6,albert bedouce,78270,Saint Cyr
17,Death,Angel,0701020304,Death@gmail.com,6,albert bedouce,78270,Saint Cyr
18,Deftones,strange,0701020304,Deftones@gmail.com,6,albert bedouce,78270,Saint Cyr
19,Dido,lola,0701020304,Dido@gmail.com,6,albert bedouce,78270,Saint Cyr
20,Dire,Straits,0701020304,Dire@gmail.com,6,albert bedouce,78270,Saint Cyr 
21,Eddy,Mitchell,0701020304,Eddy@gmail.com,6,albert bedouce,78270,Saint Cyr
22,Emilie,Simon,0701020304,Emilie@gmail.com,6,albert bedouce,78270,Saint Cyr
23,Eric,Johnson,0701020304,Johnson@gmail.com,6,albert bedouce,78270,Saint Cyr
24,Evane,Bourne,0701020304,Evane@gmail.com,6,albert bedouce,78270,Saint Cyr
25,Funes,Louis,0701020304,Funes@gmail.com,6,albert bedouce,78270,Saint Cyr
26,James,Blunt,0701020304,James@gmail.com,6,albert bedouce,78270,Saint Cyr
27,Joe,Cocker,0701020304,Joe@gmail.com,6,albert bedouce,78270,Saint Cyr
28,Keren,Ann,0701020304,Keren@gmail.com,6,albert bedouce,78270,Saint Cyr
29,Lance,Donna,0701020304,Lance@gmail.com,6,albert bedouce,78270,Saint Cyr
30,Linlin,charlotte,0701020304,Linlin@gmail.com,6,albert bedouce,78270,Saint Cyr
31,Louise,Attaque,0701020304,Louise@gmail.com,6,albert bedouce,78270,Saint Cyr